City,Lat,Lng,Max Temp,Humidity,Cloudiness,Wind Speed,Country,Date
East London,-33.0153,27.9116,59.94,94,0,5.75,ZA,1661534417
Busselton,-33.65,115.3333,54.46,85,29,10.94,AU,1661534587
Codrington,-38.2667,141.9667,50.04,77,100,5.01,AU,1661534589
Rikitea,-23.1203,-134.9692,68.5,57,88,24.11,PF,1661534590
Batemans Bay,-35.7167,150.1833,53.1,88,84,4.45,AU,1661534590
Biltine,14.5333,20.9167,81.77,61,42,4.45,TD,1661534591
Vaini,-21.2,-175.2,71.76,94,40,4.61,TO,1661534592
Mount Gambier,-37.8333,140.7667,42.71,100,100,5.75,AU,1661534592
Bukene,-4.2333,32.8833,78.94,27,53,4.25,TZ,1661534593
Launceston,-41.45,147.1667,48.61,91,100,5.75,AU,1661534593
Broken Hill,-31.95,141.4333,55.87,46,100,6.62,AU,1661534357
George Town,5.4112,100.3354,84.13,86,40,8.05,MY,1661534592
Bethel,41.3712,-73.414,88.63,64,75,11.5,US,1661534371
Port Lincoln,-34.7333,135.8667,54.55,76,100,8.34,AU,1661534595
Hilo,19.7297,-155.09,80.28,75,75,4.61,US,1661534523
Saint-François,46.4154,3.9054,76.44,57,75,11.5,FR,1661534472
Port Alfred,-33.5906,26.891,60.19,87,34,8.14,ZA,1661534596
Ushuaia,-54.8,-68.3,33.42,80,100,18.41,AR,1661534455
Olafsvik,64.8945,-23.7142,52.07,51,9,6.8,IS,1661534597
Nago,26.5881,127.9761,84.63,85,99,7.56,JP,1661534597
Wankyi,7.7392,-2.1046,76.66,89,83,3.11,GH,1661534598
Norman Wells,65.282,-126.8329,60.84,77,20,2.3,CA,1661534599
Bathsheba,13.2167,-59.5167,81.21,89,40,17.27,BB,1661534599
Hermanus,-34.4187,19.2345,56.8,73,13,17.56,ZA,1661534600
New Iberia,30.0035,-91.8187,81.09,76,0,4.61,US,1661534600
Mataura,-46.1927,168.8643,46.47,97,38,2.04,NZ,1661534601
Kapaa,22.0752,-159.319,79.11,86,75,8.05,US,1661534601
Mahébourg,-20.4081,57.7,70.25,78,40,12.66,MU,1661534602
Saskylakh,71.9167,114.0833,46.02,96,100,19.35,RU,1661534603
Punta Arenas,-53.15,-70.9167,35.62,93,40,27.63,CL,1661534550
Khatanga,71.9667,102.5,34.38,80,100,12.03,RU,1661534604
Nikolskoye,59.7035,30.7861,66.09,84,36,4.94,RU,1661534604
Chaoyang,41.5703,120.4586,55.4,47,5,6.13,CN,1661534605
Butaritari,3.0707,172.7902,80.91,78,46,12.57,KI,1661534605
Carnarvon,-24.8667,113.6333,65.39,74,0,16.31,AU,1661534606
Farafangana,-22.8167,47.8333,68.4,81,5,8.59,MG,1661534607
Bambous Virieux,-20.3428,57.7575,70.21,78,40,12.66,MU,1661534607
Bluff,-46.6,168.3333,46.8,78,57,8.12,NZ,1661534608
Farnham,51.2143,-0.7959,74.17,58,100,5.75,GB,1661534608
New Norfolk,-42.7826,147.0587,47.91,89,17,1.28,AU,1661534609
Ribeira Grande,38.5167,-28.7,73.8,83,40,2.3,PT,1661534609
Pevek,69.7008,170.3133,35.15,95,99,2.86,RU,1661534610
Young,-32.6833,-57.6333,76.41,63,48,12.86,UY,1661534610
Caravelas,-17.7125,-39.2481,73.26,78,99,7.78,BR,1661534611
City of San Pedro,14.35,121.0167,79.36,89,40,2.3,PH,1661534611
Zhigansk,66.7697,123.3711,46.35,78,30,15.75,RU,1661534612
Albany,42.6001,-73.9662,87.94,62,82,4.36,US,1661534566
Sioux Lookout,50.1001,-91.917,71.67,73,75,10.36,CA,1661534613
Esperance,-33.8667,121.9,56.3,44,0,14.92,AU,1661534613
Cayenne,4.9333,-52.3333,89.64,51,16,13.8,GF,1661534614
Hofn,64.2539,-15.2082,53.62,58,20,23.02,IS,1661534615
Atuona,-9.8,-139.0333,76.35,68,26,19.26,PF,1661534615
Yellowknife,62.456,-114.3525,70.32,64,75,8.05,CA,1661534616
Tongchuanshi,35.0806,109.0897,68.04,67,100,3.76,CN,1661534616
Upernavik,72.7868,-56.1549,41.0,72,100,4.5,GL,1661534617
Poum,-20.2333,164.0167,73.65,81,100,9.13,NC,1661534617
Hobart,-42.8794,147.3294,48.25,95,100,3.44,AU,1661534363
Balabac,7.9868,117.0645,81.61,77,30,5.97,PH,1661534618
Arraial do Cabo,-22.9661,-42.0278,80.56,69,0,24.16,BR,1661534381
Bani Walid,31.7566,13.9942,87.58,32,0,15.37,LY,1661534619
Salalah,17.0151,54.0924,77.09,100,75,5.75,OM,1661534620
Kavieng,-2.5744,150.7967,79.61,83,53,14.74,PG,1661534621
Cabedelo,-6.9811,-34.8339,81.27,74,72,19.35,BR,1661534621
Thinadhoo,0.5333,72.9333,79.7,71,100,3.22,MV,1661534622
Chicama,-7.8447,-79.1469,63.14,56,14,10.11,PE,1661534622
Bredasdorp,-34.5322,20.0403,54.72,62,5,11.5,ZA,1661534623
Longyearbyen,78.2186,15.6401,42.64,61,20,5.75,SJ,1661534624
Kachīry,53.0675,76.1036,64.35,52,31,1.79,KZ,1661534420
Saint George,37.1041,-113.5841,89.64,36,0,3.44,US,1661534625
Tieling,42.2931,123.8414,49.53,86,28,3.51,CN,1661534625
Kavaratti,10.5669,72.642,81.34,77,100,17.27,IN,1661534359
Redcliffe,-27.2307,153.0973,56.43,87,0,6.91,AU,1661534573
Yulara,-25.2406,130.9889,48.67,37,0,8.12,AU,1661534627
Sabang,5.8933,95.3214,82.58,73,100,17.67,ID,1661534628
Vila Velha,-20.3297,-40.2925,80.55,71,20,14.97,BR,1661534628
Airai,-8.9266,125.4092,54.0,91,19,2.55,TL,1661534629
Raja,8.4596,25.678,70.2,97,100,5.21,SS,1661534630
Mucuri,-18.0864,-39.5508,74.21,72,85,10.63,BR,1661534371
Avarua,-21.2078,-159.775,68.05,77,10,3.44,CK,1661534631
Cravo Norte,6.3017,-70.2041,90.12,51,52,6.58,CO,1661534631
Inongo,-1.95,18.2667,68.97,87,91,2.89,CD,1661534632
Snåase,64.2457,12.3778,58.41,91,94,3.94,NO,1661534536
Warragul,-38.1667,145.9333,47.44,86,21,1.99,AU,1661534632
Novoagansk,61.9449,76.6625,43.03,85,55,16.69,RU,1661534633
Maxixe,-23.8597,35.3472,71.42,88,20,6.91,MZ,1661534634
Acapulco de Juárez,16.8634,-99.8901,82.22,78,100,3.44,MX,1661534634
Geraldton,-28.7667,114.6,48.61,93,40,6.91,AU,1661534635
Hithadhoo,-0.6,73.0833,80.06,72,100,6.31,MV,1661534635
Tuktoyaktuk,69.4541,-133.0374,50.0,100,100,8.05,CA,1661534636
Forrest City,35.0081,-90.7898,85.8,61,1,5.3,US,1661534636
Iowa City,41.6611,-91.5302,79.7,72,75,4.61,US,1661534573
Stuttgart,48.7823,9.177,72.25,74,40,31.07,DE,1661534637
Hualmay,-11.0964,-77.6139,67.01,67,30,10.36,PE,1661534638
Castro,-24.7911,-50.0119,73.8,40,0,6.67,BR,1661534638
Mayo,38.8876,-76.5119,91.94,72,0,5.99,US,1661534639
Pacific Grove,36.6177,-121.9166,67.55,94,20,7.0,US,1661534639
Rosario,-32.9468,-60.6393,82.94,57,0,18.41,AR,1661534412
Asunción,-25.3007,-57.6359,90.9,31,0,11.5,PY,1661534616
Haines Junction,60.7522,-137.5108,51.75,66,69,2.3,CA,1661534640
Ţahţā,26.7693,31.5021,93.97,15,0,14.88,EG,1661534641
Pisco,-13.7,-76.2167,60.85,82,100,5.75,PE,1661534641
Kamari,36.8,25.8167,76.1,67,0,3.18,GR,1661534642
Puerto Escondido,15.85,-97.0667,86.83,66,40,5.75,MX,1661534643
Port Elizabeth,-33.918,25.5701,58.1,84,4,5.84,ZA,1661534643
Aklavik,68.2191,-135.0107,61.3,60,97,6.38,CA,1661534644
Egvekinot,66.3167,-179.1667,40.37,90,100,9.66,RU,1661534645
Koster,-25.863,26.8976,60.71,23,0,6.44,ZA,1661534646
Jamestown,42.097,-79.2353,78.03,79,75,11.5,US,1661534364
Constitución,-35.3333,-72.4167,55.08,61,100,14.14,CL,1661534647
Karonga,-9.9333,33.9333,72.43,72,45,5.14,MW,1661534647
Vila Franca do Campo,37.7167,-25.4333,72.01,71,87,0.74,PT,1661534359
Kilis,36.7161,37.115,80.83,36,0,9.44,TR,1661534648
Adrasmon,40.6472,69.9856,62.2,15,0,3.4,TJ,1661534649
Thompson,55.7435,-97.8558,64.56,88,100,4.61,CA,1661534559
Zhangye,38.9342,100.4517,70.02,36,98,7.29,CN,1661534650
Mildura,-34.2,142.15,58.39,45,100,7.7,AU,1661534651
Olot,42.181,2.4901,82.27,62,79,2.01,ES,1661534651
Coquimbo,-29.9533,-71.3436,53.33,100,100,6.91,CL,1661534652
Ostrovnoy,68.0531,39.5131,61.9,68,94,16.08,RU,1661534653
Virginia Beach,36.8529,-75.978,89.06,64,64,3.0,US,1661534465
Sandwick,60.0,-1.25,57.02,88,20,10.36,GB,1661534654
Harper,4.375,-7.7169,79.74,76,100,12.37,LR,1661534654
Digapahandi,19.3667,84.5833,81.34,81,80,2.53,IN,1661534655
Pangody,65.85,74.4859,41.2,86,100,15.32,RU,1661534656
Petawawa,45.9001,-77.3328,64.78,89,100,4.61,CA,1661534656
Chitral,35.8462,71.7858,64.8,87,100,5.59,PK,1661534657
San Cristobal,7.7669,-72.225,71.78,43,85,5.97,VE,1661534658
Ust-Maya,60.4167,134.5333,45.72,99,100,2.44,RU,1661534658
Dimona,31.0667,35.0333,77.45,63,0,23.02,IL,1661534659
Tuatapere,-46.1333,167.6833,43.21,91,72,3.71,NZ,1661534659
Hong Kong,22.2855,114.1577,84.38,87,83,1.99,HK,1661534660
Laas,46.6166,10.7002,81.48,66,98,0.94,IT,1661534660
Guerrero Negro,27.9769,-114.0611,78.19,67,13,11.77,MX,1661534661
Itaituba,-4.2761,-55.9836,91.56,58,40,6.91,BR,1661534662
Pontes e Lacerda,-15.2261,-59.3353,97.43,20,84,5.46,BR,1661534662
Iskateley,67.6803,53.1512,53.11,61,100,12.66,RU,1661534662
Narsaq,60.9167,-46.05,48.42,92,100,3.83,GL,1661534663
Grand Gaube,-20.0064,57.6608,70.38,70,1,8.99,MU,1661534664
Pangnirtung,66.1451,-65.7125,48.2,66,100,10.36,CA,1661534664
Comodoro Rivadavia,-45.8667,-67.5,57.06,26,40,35.68,AR,1661534665
Pindiga,9.9833,10.9333,74.5,85,81,7.14,NG,1661534665
Nevers,46.9896,3.159,78.55,60,0,10.36,FR,1661534666
Tombouctou,20.0,-3.0,102.34,24,37,2.19,ML,1661534666
Edéa,3.8,10.1333,73.08,95,99,3.6,CM,1661534666
Saint Anthony,45.0205,-93.218,80.15,59,40,6.91,US,1661534667
Mar del Plata,-38.0023,-57.5575,60.82,77,0,11.01,AR,1661534373
Oranjemund,-28.55,16.4333,54.91,82,0,16.55,NA,1661534668
Vostok,46.4856,135.8833,46.44,81,19,3.33,RU,1661534668
Tasiilaq,65.6145,-37.6368,41.16,80,100,3.91,GL,1661534669
Härnösand,62.6323,17.9379,64.99,85,57,7.09,SE,1661534669
Muisne,0.6,-80.0333,78.03,77,94,10.42,EC,1661534670
Óbidos,-1.9175,-55.5181,91.89,43,46,6.91,BR,1661534670
Padilla,3.2204,-76.3139,80.17,59,45,2.51,CO,1661534671
Dikson,73.5069,80.5464,41.18,86,99,19.62,RU,1661534672
Katsuura,35.1333,140.3,80.62,89,100,11.97,JP,1661534672
Srīvardhan,18.0333,73.0167,78.49,85,65,4.54,IN,1661534673
Pitimbu,-7.4706,-34.8086,81.19,73,66,18.14,BR,1661534673
Taltal,-25.4,-70.4833,58.64,78,84,5.95,CL,1661534673
Yerbogachën,61.2767,108.0108,42.6,85,25,8.57,RU,1661534674
Liaozhong,41.5061,122.7242,53.65,65,3,9.17,CN,1661534675
Barrow,71.2906,-156.7887,37.42,100,100,10.36,US,1661534675
Brits,-25.6347,27.7802,72.28,21,0,3.33,ZA,1661534676
Torbay,47.6666,-52.7314,78.39,61,75,11.5,CA,1661534677
Lucea,18.451,-78.1736,85.86,74,39,7.49,JM,1661534677
Toora-Khem,52.4675,96.11,50.0,77,53,2.19,RU,1661534677
Tarko-Sale,64.9225,77.785,43.29,87,100,18.41,RU,1661534678
Puerto Ayora,-0.7393,-90.3518,73.36,88,70,5.01,EC,1661534678
Saint-Augustin,51.226,-58.6502,65.61,54,99,8.34,CA,1661534679
Mandera,3.9366,41.867,84.49,40,100,16.53,KE,1661534680
Morondava,-20.2833,44.2833,74.77,77,38,11.14,MG,1661534680
Hammerfest,70.6634,23.6821,59.45,77,0,4.61,NO,1661534681
Kropotkin,45.4375,40.5756,87.58,19,2,19.57,RU,1661534682
Muncar,-8.4333,114.3333,75.15,86,94,4.43,ID,1661534682
Islamkot,24.6997,70.177,81.61,66,26,10.51,PK,1661534649
Blue Springs,39.0169,-94.2816,92.21,61,0,5.99,US,1661534684
Biak,-0.9131,122.8766,74.5,88,61,5.7,ID,1661534684
Puerto Madryn,-42.7692,-65.0385,58.21,36,100,14.25,AR,1661534685
Saint Paul Harbor,57.79,-152.4072,58.51,77,20,0.0,US,1661534686
Siguiri,11.6667,-9.5,77.85,90,100,3.2,GN,1661534687
Kanniyākumāri,8.0833,77.5667,78.75,81,100,19.1,IN,1661534688
Praia,14.9215,-23.5087,84.74,70,75,10.36,CV,1661534689
Yar-Sale,66.8333,70.8333,45.79,69,95,12.71,RU,1661534689
Provideniya,64.3833,-173.3,49.17,92,100,2.35,RU,1661534690
Nikol'sk,53.7189,46.0712,71.28,37,97,5.82,RU,1661534690
Lavrentiya,65.5833,-171.0,41.65,98,99,0.81,RU,1661534691
Saint-Philippe,-21.3585,55.7679,69.39,79,33,14.56,RE,1661534691
Sobolevo,54.4299,31.8996,72.0,55,18,5.55,RU,1661534692
Tondano,1.3038,124.9112,68.09,92,92,2.28,ID,1661534693
Cape Town,-33.9258,18.4232,58.26,69,40,11.5,ZA,1661534403
Balkhash,46.844,74.9804,71.31,40,1,5.26,KZ,1661534694
Juan Lacaze,-34.4342,-57.4381,76.12,78,14,9.1,UY,1661534694
Mehamn,71.0357,27.8492,53.51,93,40,4.61,NO,1661534695
Evensk,61.95,159.2333,49.87,79,67,2.77,RU,1661534696
Taft,31.7471,54.2088,73.35,13,0,2.3,IR,1661534696
Dhidhdhoo,6.8833,73.1,81.55,78,100,14.67,MV,1661534697
Ituporanga,-27.4144,-49.6025,77.95,48,1,2.26,BR,1661534697
Lüderitz,-26.6481,15.1594,57.29,73,0,24.25,NA,1661534698
Srednekolymsk,67.45,153.6833,41.31,82,63,1.83,RU,1661534699
Smithers,54.7804,-127.1743,64.72,55,75,10.36,CA,1661534700
Remanso,-9.6179,-42.0831,84.88,31,31,14.05,BR,1661534700
Port Pirie,-33.1833,138.0167,55.6,54,100,4.59,AU,1661534701
Severnyy,50.677,36.5532,77.04,36,0,8.95,RU,1661534701
Lufilufi,-13.8745,-171.5986,71.38,72,74,21.79,WS,1661534702
Beloha,-25.1667,45.05,69.62,72,23,8.19,MG,1661534702
Los Llanos de Aridane,28.6585,-17.9182,71.35,84,40,13.8,ES,1661534703
Yangi Marg`ilon,40.4272,71.7189,72.32,30,0,4.61,UZ,1661534703
Motril,36.7507,-3.5179,96.28,70,4,2.53,ES,1661534704
Zalţan,32.947,11.8665,83.25,54,0,12.17,LY,1661534705
Pointe Michel,15.25,-61.3833,92.34,58,75,2.3,DM,1661534705
Avera,33.194,-82.5271,83.71,50,68,3.71,US,1661534706
Camacha,33.0833,-16.3333,71.02,73,40,14.97,PT,1661534706
Hasaki,35.7333,140.8333,77.4,89,99,14.05,JP,1661534707
Guiyang,26.5833,106.7167,72.09,83,100,8.95,CN,1661534708
Chu,43.5983,73.7614,68.47,40,24,5.64,KZ,1661534708
Necochea,-38.5473,-58.7368,62.2,40,83,11.16,AR,1661534414
Ponta do Sol,32.6667,-17.1,77.63,73,65,2.37,PT,1661534710
Quatre Cocos,-20.2078,57.7625,70.09,70,13,16.4,MU,1661534710
Coaldale,49.7167,-112.6185,74.35,68,75,10.36,CA,1661534711
Lompoc,34.6391,-120.4579,79.7,83,20,4.61,US,1661534703
Chokurdakh,70.6333,147.9167,36.28,89,27,4.76,RU,1661534712
Makushino,55.2103,67.2442,68.92,67,75,5.95,RU,1661534712
La Sarre,48.8002,-79.1996,61.41,48,11,6.06,CA,1661534439
Sirte,31.2089,16.5887,82.42,61,0,12.12,LY,1661534713
Ayorou,14.7308,0.9174,98.19,32,91,1.43,NE,1661534714
West Bay,19.3667,-81.4167,90.07,72,40,4.61,KY,1661534714
Saint-Pierre,-21.3393,55.4781,69.48,74,0,13.8,RE,1661534715
Mahajanga,-15.7167,46.3167,73.42,78,40,1.14,MG,1661534715
Kumluca,36.3703,30.2869,77.97,77,18,5.55,TR,1661534716
Porto Velho,-8.7619,-63.9039,91.45,49,32,2.3,BR,1661534717
Águas Formosas,-17.0822,-40.9358,69.78,78,94,4.68,BR,1661534717
Antofagasta,-23.65,-70.4,60.08,61,89,6.26,CL,1661534717
Leningradskiy,69.3833,178.4167,35.06,97,100,6.76,RU,1661534718
Yuncheng,35.0231,110.9928,71.92,72,100,3.06,CN,1661534719
Monte Patria,-30.6919,-70.9467,71.92,36,99,5.68,CL,1661534720
Rio Grande,-32.035,-52.0986,80.71,74,100,3.24,BR,1661534721
Mareeba,-17.0,145.4333,66.43,89,99,2.93,AU,1661534722
Nouadhibou,20.931,-17.0347,75.18,78,100,16.11,MR,1661534722
Souillac,-20.5167,57.5167,70.18,78,40,12.66,MU,1661534723
Bakchar,57.0186,82.0711,52.09,80,89,4.99,RU,1661534723
Zima,53.9202,102.0442,54.19,84,74,4.45,RU,1661534724
Chernyshevsk,52.5243,117.0174,46.17,67,23,3.76,RU,1661534724
Eganville,45.5334,-77.0994,64.51,81,99,5.03,CA,1661534725
Riyadh,24.6877,46.7219,96.94,12,57,5.26,SA,1661534493
Hobyo,5.3505,48.5268,76.15,81,19,25.23,SO,1661534727
San Patricio,28.017,-97.5169,93.15,54,0,0.78,US,1661534727
Kaitangata,-46.2817,169.8464,37.87,95,12,5.91,NZ,1661534727
Nioro,13.35,-15.75,80.56,84,100,10.76,GM,1661534728
Touros,-5.1989,-35.4608,82.67,60,54,19.53,BR,1661534479
Kalmunai,7.4167,81.8167,78.71,85,100,8.03,LK,1661534729
Cap Malheureux,-19.9842,57.6142,70.47,70,0,8.99,MU,1661534730
Nanortalik,60.1432,-45.2371,44.73,96,100,8.12,GL,1661534730
Kenai,60.5544,-151.2583,53.1,97,100,5.75,US,1661534731
Tiksi,71.6872,128.8694,44.78,81,69,6.42,RU,1661534731
Zhalantun,48.0,122.7167,48.76,89,17,6.35,CN,1661534732
Oxford,51.7522,-1.256,72.48,54,40,4.61,GB,1661534616
Okhotsk,59.3833,143.3,51.4,87,64,6.08,RU,1661534733
Klaksvík,62.2266,-6.589,52.72,88,100,13.58,FO,1661534733
Campbell River,50.0163,-125.2446,68.59,68,75,0.0,CA,1661534500
Tautira,-17.7333,-149.15,75.76,74,81,9.24,PF,1661534734
São Gabriel da Cachoeira,-0.1303,-67.0892,85.8,70,40,5.75,BR,1661534734
Solhan,38.9634,41.0293,75.42,23,0,3.85,TR,1661534735
Kiryat Gat,31.61,34.7642,83.39,100,0,15.5,IL,1661534735
Obo,5.3998,26.4869,67.59,98,100,7.7,CF,1661534736
Akureyri,65.6835,-18.0878,48.13,61,20,14.97,IS,1661534736
Raahe,64.6833,24.4833,66.29,79,81,1.19,FI,1661534737
Santa Cruz del Sur,20.7147,-77.9956,89.29,57,68,11.25,CU,1661534737
Peniche,39.3558,-9.3811,71.08,91,37,10.74,PT,1661534666
Khanbari,27.3747,87.2039,74.68,95,100,1.28,NP,1661534738
Banda Aceh,5.5577,95.3222,80.29,72,100,11.1,ID,1661534739
Cherskiy,68.75,161.3,36.05,90,100,7.0,RU,1661534740
Narrabri,-30.3167,149.7833,47.52,87,97,1.99,AU,1661534740
Molteno,-31.3968,26.3625,53.51,15,0,8.59,ZA,1661534741
Tual,-5.6667,132.75,79.07,84,80,18.28,ID,1661534742
Mira,45.4358,12.1348,88.23,52,0,2.3,IT,1661534742
Novobelokatay,55.7062,58.9549,66.49,66,89,2.55,RU,1661534743
Paamiut,61.994,-49.6678,41.65,98,100,0.98,GL,1661534744
Kota Belud,6.351,116.4305,76.78,88,72,4.97,MY,1661534744
Sola,-13.8833,167.55,79.65,77,20,24.0,VU,1661534745
Micheweni,-4.9667,39.8333,75.0,77,10,13.13,TZ,1661534746
Puerto Quijarro,-17.7833,-57.7667,102.56,14,48,3.24,BO,1661534747
Fare,-16.7,-151.0167,76.32,71,27,7.23,PF,1661534747
Tarasovskiy,48.7292,40.3636,78.87,16,91,9.75,RU,1661534748
Ahipara,-35.1667,173.1667,56.25,85,38,12.03,NZ,1661534749
Saldanha,-33.0117,17.9442,53.65,66,57,10.13,ZA,1661534749
Tosya,41.0155,34.0401,72.95,63,51,6.46,TR,1661534750
Donskoye,45.4552,41.9741,81.63,25,2,25.3,RU,1661534750
Bytów,54.1706,17.4919,75.2,39,7,4.81,PL,1661534751
Halden,59.1226,11.3871,68.63,76,100,1.88,NO,1661534752
Kedrovyy,56.1667,91.8167,45.01,94,20,4.23,RU,1661534752
Kapit,2.0167,112.9333,74.34,99,95,0.83,MY,1661534753
Sibolga,1.7427,98.7792,76.89,86,98,2.48,ID,1661534753
Biloela,-24.4167,150.5,52.27,88,0,6.17,AU,1661534754
Moose Factory,51.2585,-80.6094,62.6,48,0,5.75,CA,1661534754
Burnie,-41.0667,145.9167,49.95,91,25,2.68,AU,1661534755
Lebu,-37.6167,-73.65,51.44,72,98,12.75,CL,1661534756
Vylkove,45.4021,29.586,77.99,50,88,6.98,UA,1661534756
Knysna,-34.0363,23.0471,54.0,69,0,3.71,ZA,1661534757
Vyazemskiy,47.5378,134.7525,52.74,78,62,3.91,RU,1661534757
Bokoro,12.3807,17.0568,80.51,72,77,6.04,TD,1661534758
Barcelona,41.3888,2.159,86.85,68,20,13.8,ES,1661534605
Lagoa,39.05,-27.9833,72.81,72,71,4.99,PT,1661534759
Cornélio Procópio,-23.1811,-50.6467,83.01,29,4,3.06,BR,1661534760
Luena,-11.7833,19.9167,72.23,25,16,1.99,AO,1661534760
Shimanovsk,52.0,127.7,51.75,74,97,3.91,RU,1661534762
Nome,64.5011,-165.4064,48.27,100,100,9.22,US,1661534762
Santoña,43.4439,-3.4576,75.7,73,14,7.07,ES,1661534763
Port Hardy,50.6996,-127.4199,64.58,82,75,9.22,CA,1661534763
Puro,12.4841,123.3827,78.98,84,100,6.8,PH,1661534764
Abu Dhabi,24.4667,54.3667,96.91,54,0,9.22,AE,1661534765
Sinnamary,5.3833,-52.95,81.91,75,20,8.43,GF,1661534766
Barcelos,41.5388,-8.6151,90.91,49,7,10.07,PT,1661534767
Bilma,18.6853,12.9164,99.81,21,59,7.96,NE,1661534768
Oakdale,44.963,-92.9649,79.65,55,0,6.91,US,1661534513
Oktyabr'skiy,54.4815,53.471,69.98,42,48,3.22,RU,1661534769
Husavik,66.0449,-17.3389,44.26,81,89,15.99,IS,1661534769
Trindade,-16.6494,-49.4889,87.55,20,8,3.94,BR,1661534770
Alice Springs,-23.7,133.8833,38.75,52,16,0.0,AU,1661534771
Río Gallegos,-51.6226,-69.2181,41.05,38,40,35.68,AR,1661534500
Qingquan,30.4511,115.2559,81.95,76,32,3.29,CN,1661534772
Chunskiy,56.0815,99.6342,52.02,98,100,2.42,RU,1661534773
Ubari,26.5921,12.7805,99.3,16,5,8.5,LY,1661534774
Cascais,38.6979,-9.4215,76.86,66,20,10.36,PT,1661534775
Kumul,42.8,93.45,76.86,32,100,9.98,CN,1661534776
Isangel,-19.55,169.2667,73.26,87,36,10.67,VU,1661534776
Krasnoarmeyskoye,52.7182,50.0322,78.69,31,61,3.22,RU,1661534776
Jedburgh,55.48,-2.552,66.43,67,70,5.08,GB,1661534777
Lorengau,-2.0226,147.2712,80.56,81,24,10.51,PG,1661534778
Qaanaaq,77.484,-69.3632,40.44,58,35,2.21,GL,1661534779
Hambantota,6.1241,81.1185,78.4,80,92,18.63,LK,1661534780
Deputatsky,69.3,139.9,44.56,65,100,3.42,RU,1661534781
Aykhal,66.0,111.5,37.65,96,88,15.77,RU,1661534782
Labuhan,-6.8844,112.2051,77.11,84,28,7.63,ID,1661534782
Guozhen,34.3659,107.359,70.65,88,100,2.01,CN,1661534783
Bolotnoye,55.6717,84.3981,52.52,83,38,2.01,RU,1661534783
San Buenaventura,27.0833,-101.5333,82.47,63,83,6.85,MX,1661534784
Dingle,10.9995,122.6711,75.67,91,100,4.5,PH,1661534785
Severo-Yeniseyskiy,60.3725,93.0408,44.1,79,100,3.56,RU,1661534785
Russell,32.3502,-85.1999,85.96,70,40,0.0,US,1661534786
Bengkulu,-3.8004,102.2655,75.43,91,79,3.56,ID,1661534787
Ugep,5.8086,8.0812,73.45,95,100,6.38,NG,1661534788
Balotra,25.8333,72.2333,82.47,63,54,11.1,IN,1661534788
Nicosia,35.1667,33.3667,82.49,65,40,9.22,CY,1661534789
Hammond,41.5834,-87.5,79.38,71,75,12.66,US,1661534790
Mokhotlong,-29.2894,29.0675,53.13,34,47,8.9,LS,1661534791
Kahului,20.8947,-156.47,80.83,68,20,5.99,US,1661534791
Yushala,57.0761,64.2601,62.58,92,57,4.94,RU,1661534792
Lexington,37.9887,-84.4777,87.8,54,20,3.44,US,1661534793
Querfurt,51.3833,11.6,77.45,54,99,4.36,DE,1661534793
Isetskoye,56.4858,65.3226,63.59,91,50,9.35,RU,1661534794
La Ronge,55.1001,-105.2842,77.25,44,0,5.75,CA,1661534795
Banamba,13.55,-7.45,82.36,72,100,8.84,ML,1661534795
Dawei,14.0833,98.2,75.96,94,100,4.07,MM,1661534636
Atasū,48.6814,71.6433,68.05,34,4,7.9,KZ,1661534797
Cidreira,-30.1811,-50.2056,71.74,67,8,5.39,BR,1661534797
Clyde River,70.4692,-68.5914,39.43,93,100,5.75,CA,1661534797
Mikhaylovka,50.06,43.2379,78.71,21,100,7.61,RU,1661534798
Tongzi,28.7829,105.0877,79.93,69,100,2.44,CN,1661534799
Manicoré,-5.8092,-61.3003,91.35,55,75,4.61,BR,1661534799
Progreso,21.2833,-89.6667,90.1,62,97,5.97,MX,1661534800
Port Macquarie,-31.4333,152.9167,45.9,91,18,7.45,AU,1661534711
Oryol,52.9658,36.0803,73.51,39,58,10.2,RU,1661534594
Pijijiapan,15.7011,-93.23,87.62,60,48,6.29,MX,1661534802
Les Cayes,18.2,-73.75,87.53,64,28,10.45,HT,1661534802
Ilulissat,69.2167,-51.1,42.82,81,75,5.75,GL,1661534803
Lenger,42.183,69.8839,74.64,22,0,8.68,KZ,1661534803
Kungurtug,50.5994,97.5228,48.07,65,83,1.16,RU,1661534804
San Quintín,30.4833,-115.95,74.07,77,5,9.48,MX,1661534804
Ukhta,63.5671,53.6835,50.36,70,90,3.15,RU,1661534805
Zhuanghe,39.7008,122.9911,58.87,68,3,7.27,CN,1661534806
Leh,34.1667,77.5833,66.74,40,36,6.62,IN,1661534525
Fukuechō,32.6881,128.8419,79.5,70,37,13.06,JP,1661534807
Yelat'ma,54.9675,41.7508,75.94,35,96,3.31,RU,1661534808
Mānsa,29.9833,75.3833,83.44,70,52,5.97,IN,1661534808
San Marcos,33.1434,-117.1661,88.21,71,20,8.05,US,1661534809
Chul'man,56.8479,124.9104,39.88,94,59,0.78,RU,1661534810
Grindavik,63.8424,-22.4338,57.15,54,0,18.41,IS,1661534811
Yanahuanca,-10.5167,-76.4986,52.57,27,12,11.92,PE,1661534812
Ponta Delgada,37.7333,-25.6667,72.32,78,20,3.44,PT,1661534812
Owensboro,37.7742,-87.1133,90.01,58,0,6.91,US,1661534813
Black River,18.0264,-77.8487,87.19,62,45,5.46,JM,1661534814
Elizabeth City,36.2946,-76.2511,89.01,71,75,5.75,US,1661534814
Manta,-0.95,-80.7333,78.58,73,75,9.22,EC,1661534790
Kosa,59.9445,54.9977,59.72,97,99,3.98,RU,1661534815
Ekibastuz,51.6667,75.3667,71.51,53,86,5.79,KZ,1661534816
Praia,14.9215,-23.5087,84.74,70,75,10.36,CV,1661534689
Yeppoon,-23.1333,150.7333,58.78,87,61,7.9,AU,1661534818
Teknāf,20.8624,92.3058,79.59,90,100,4.0,BD,1661534818
Faanui,-16.4833,-151.75,76.3,71,4,8.05,PF,1661534819
Iqaluit,63.7506,-68.5145,40.73,86,100,17.27,CA,1661534820
Biskamzha,53.4497,89.5272,48.54,97,26,1.52,RU,1661534820
Darnah,32.767,22.6367,80.02,69,39,11.3,LY,1661534821
Vestmannaeyjar,63.4427,-20.2734,58.19,44,0,17.27,IS,1661534821
Hommelvik,63.4108,10.7942,60.76,83,75,9.22,NO,1661534822
Taber,49.8167,-112.1518,75.04,62,63,8.05,CA,1661534823
Puerto Baquerizo Moreno,-0.9,-89.6,72.59,73,75,10.36,EC,1661534823
Masvingo,-20.0637,30.8277,68.92,25,0,5.86,ZW,1661534824
Tazmalt,36.3868,4.3989,91.15,31,8,12.08,DZ,1661534825
Cogoleto,44.3893,8.6429,81.05,82,40,7.0,IT,1661534826
Bairiki Village,1.3292,172.9752,80.6,83,20,11.5,KI,1661534826
Walajapet,12.9333,79.3833,79.83,79,99,4.21,IN,1661534827
Saint-Joseph,-21.3667,55.6167,68.38,76,32,14.43,RE,1661534827
Inhambane,-23.865,35.3833,71.58,88,20,6.91,MZ,1661534828
Romilly-sur-Seine,48.5108,3.7263,80.19,37,61,9.57,FR,1661534829
Ptuj,46.4201,15.8702,84.54,48,0,4.61,SI,1661534830
Penzance,50.1186,-5.5371,64.76,72,40,13.8,GB,1661534830
Noyabrsk,63.1994,75.4507,44.67,74,66,18.54,RU,1661534831
Wattegama,6.7989,81.4808,75.72,84,100,4.85,LK,1661534832
Campo Verde,-20.4167,-54.0667,87.57,22,12,5.17,BR,1661534832
Kuching,1.55,110.3333,79.02,94,40,3.44,MY,1661534833
Tianpeng,30.9866,103.9393,81.07,84,100,0.45,CN,1661534834
Ferme-Neuve,46.7001,-75.4493,57.56,97,100,2.84,CA,1661534835
Chui,-33.6971,-53.4616,72.28,69,57,1.74,UY,1661534836
Erdenet,49.0333,104.0833,46.81,81,1,3.42,MN,1661534836
Mukdahan,16.5833,104.5,75.15,94,100,4.23,TH,1661534837
Plérin,48.5425,-2.7798,67.19,74,0,9.22,FR,1661534838
Sakakah,29.9697,40.2064,96.37,13,0,10.31,SA,1661534838
Vao,-22.6667,167.4833,70.81,82,93,18.39,NC,1661534839
Lapua,62.9693,23.0088,68.34,70,26,4.59,FI,1661534839
Örnsköldsvik,63.2909,18.7153,63.55,88,20,6.91,SE,1661534735
Port Moresby,-9.4431,147.1797,74.62,94,20,3.44,PG,1661534840
Garden City,42.3256,-83.331,75.15,74,100,10.36,US,1661534841
Uzhur,55.3036,89.8339,54.03,87,48,3.69,RU,1661534842
Santa Cruz de La Palma,28.6835,-17.7642,75.34,73,40,13.8,ES,1661534842
Grong,64.4654,12.3149,58.28,90,89,3.76,NO,1661534843
Celestún,20.8667,-90.4,87.67,60,91,1.92,MX,1661534843
Matagami,49.7502,-77.6328,59.11,41,75,4.61,CA,1661534844
Governador Valadares,-18.8511,-41.9494,85.44,30,78,4.47,BR,1661534599
Cabo San Lucas,22.8909,-109.9124,95.18,43,20,6.91,MX,1661534634
Banepā,27.6298,85.5214,71.92,94,20,2.3,NP,1661534845
Erciş,39.0287,43.3586,76.01,23,29,11.52,TR,1661534846
Huarmey,-10.0681,-78.1522,68.16,68,25,11.39,PE,1661534846
Erenhot,43.6475,111.9767,56.57,27,0,2.28,CN,1661534847
Alihe,50.5667,123.7167,45.73,77,47,3.58,CN,1661534848
Newtonmore,57.066,-4.1192,60.21,70,95,4.21,GB,1661534849
Petaling Jaya,3.1073,101.6067,80.35,83,20,0.0,MY,1661534850
Seminole,28.7086,-81.2081,93.29,69,0,1.01,US,1661534833
Toamasina,-18.1667,49.3833,68.0,88,75,3.44,MG,1661534851
Idrinskoye,54.3708,92.1358,52.43,95,76,1.14,RU,1661534852
Kologriv,58.8275,44.3178,69.15,59,50,3.15,RU,1661534853
Soyo,-6.1349,12.3689,71.94,91,69,9.8,AO,1661534853
The Pas,53.8251,-101.2541,78.82,47,0,10.36,CA,1661534854
Dongsheng,39.8161,109.9776,57.11,41,86,9.69,CN,1661534854
Tarnos,43.5417,-1.4628,78.67,76,75,10.36,FR,1661534855
Tomatlán,19.9333,-105.25,87.42,71,98,2.19,MX,1661534856
Faya,18.3851,42.4509,75.72,58,85,8.68,SA,1661534857
Ancud,-41.8697,-73.8203,49.23,91,100,16.67,CL,1661534857
Soure,-0.7167,-48.5233,82.08,75,50,10.74,BR,1661534858
Ejea de los Caballeros,42.1263,-1.1372,82.62,38,14,15.73,ES,1661534858
Sri Aman,1.2376,111.4621,75.25,100,94,0.0,MY,1661534859
Zawiercie,50.4877,19.4168,80.6,100,6,8.1,PL,1661534859
San Angelo,31.4638,-100.437,90.54,46,0,6.91,US,1661534860
Yaan,7.3833,8.5667,74.32,93,94,9.91,NG,1661534861
Laguna,38.421,-121.4238,86.09,66,0,3.44,US,1661534861
Phanat Nikhom,13.4458,101.1844,84.0,75,100,4.16,TH,1661534862
Berlevåg,70.8578,29.0864,60.6,87,0,11.5,NO,1661534862
Hudson Bay,52.85,-102.3842,79.68,35,0,6.58,CA,1661534863
Sistranda,63.7256,8.834,57.16,83,100,8.99,NO,1661534863
Nizhniy Baskunchak,48.2198,46.8311,81.16,15,78,10.11,RU,1661534864
Emerald,-23.5333,148.1667,52.09,84,1,7.96,AU,1661534865
São Filipe,14.8961,-24.4956,80.19,77,91,4.68,CV,1661534865
Birjand,32.8663,59.2211,70.27,13,0,0.0,IR,1661534866
Djebeniana,35.035,10.9081,85.8,56,7,14.34,TN,1661534780
Meulaboh,4.1363,96.1285,75.69,85,100,4.47,ID,1661534867
Barranca,-10.75,-77.7667,65.84,68,35,10.6,PE,1661534868
Gōtsuchō,35.0,132.2167,71.64,88,4,4.43,JP,1661534868
Naliya,23.2667,68.8333,80.51,69,12,8.25,IN,1661534869
Ilek,51.5271,53.3831,78.67,25,34,2.59,RU,1661534869
Horki,54.2861,30.9842,72.07,58,3,4.74,BY,1661534870
Kamloops,50.6665,-120.3192,74.57,58,75,2.3,CA,1661534749
Morón,-34.6534,-58.6198,76.8,73,17,7.76,AR,1661534871
Pimenta Bueno,-11.6725,-61.1936,105.24,17,3,0.83,BR,1661534872
Byron Bay,-28.65,153.6167,51.71,92,65,10.29,AU,1661534873
Greeneville,36.1632,-82.831,81.37,71,75,4.61,US,1661534873
Ocós,14.5094,-92.1933,89.78,74,39,7.83,GT,1661534874
Kruisfontein,-34.0033,24.7314,55.89,75,15,3.91,ZA,1661534874
Imperial Beach,32.5839,-117.1131,87.75,74,20,9.22,US,1661534875
Villa Luvianos,18.9167,-100.4,71.51,72,8,3.31,MX,1661534876
Vuktyl,63.8567,57.3094,46.06,80,87,3.69,RU,1661534876
Sicuani,-14.2694,-71.2261,62.83,23,1,8.08,PE,1661534876
Anadyr,64.75,177.4833,46.9,100,100,4.47,RU,1661534877
Gwadar,25.1216,62.3254,80.38,79,9,10.13,PK,1661534878
Otane,-39.8833,176.6333,50.02,90,100,10.09,NZ,1661534878
Bonavista,48.6499,-53.1147,64.27,91,41,9.69,CA,1661534879
Dauphin,51.1494,-100.0502,78.94,50,0,8.05,CA,1661534880
Nyagan,62.1406,65.3936,48.97,74,80,4.12,RU,1661534881
Maceió,-9.6658,-35.7353,81.84,61,40,12.66,BR,1661534881
Castilho,-20.8722,-51.4875,89.26,19,18,5.28,BR,1661534882
Rosetta,31.4044,30.4164,78.67,68,0,10.65,EG,1661534882
Panabá,21.2833,-88.2667,92.39,50,63,9.6,MX,1661534883
Tabou,4.423,-7.3528,79.99,76,100,12.8,CI,1661534884
Borovskoy,53.8,64.15,66.85,77,26,8.79,KZ,1661534884
Chirongui,-12.9319,45.1483,73.33,65,1,2.39,YT,1661534885
Nabire,-3.3667,135.4833,74.61,91,50,2.77,ID,1661534706
Plouzané,48.3833,-4.6167,68.05,68,20,11.5,FR,1661534886
Vanavara,60.34,102.2797,40.37,86,47,2.51,RU,1661534887
Henties Bay,-22.116,14.2845,55.81,85,1,12.17,NA,1661534887
Jérémie,18.65,-74.1167,85.73,66,35,4.0,HT,1661534888
Nizwá,22.9333,57.5333,90.3,26,11,7.0,OM,1661534889
‘Āhuimanu,21.4447,-157.8378,79.2,78,40,8.05,US,1661534889
Nishihara,26.1842,127.7558,83.86,94,75,5.75,JP,1661534890
Chippewa Falls,44.9369,-91.3929,75.97,59,0,4.61,US,1661534787
Margate,51.3813,1.3862,71.87,65,0,3.0,GB,1661534890
Talnakh,69.4865,88.3972,38.28,84,100,5.32,RU,1661534891
Wangou,42.0623,126.9127,41.52,99,46,4.12,CN,1661534892
Whitianga,-36.8333,175.7,54.32,89,52,7.56,NZ,1661534893
Zhangjiakou,40.81,114.8794,51.76,40,17,5.19,CN,1661534613
Talara,-4.5772,-81.2719,74.16,60,0,16.11,PE,1661534894
Teya,60.3778,92.6267,48.06,78,100,3.36,RU,1661534894
Ginir,7.1333,40.7,62.42,67,46,9.48,ET,1661534895
Tarancón,40.0085,-3.0073,89.22,25,52,12.06,ES,1661534896
Ucluelet,48.9329,-125.5528,58.08,93,95,3.96,CA,1661534896
Buala,-8.145,159.5921,79.29,82,19,8.59,SB,1661534897
Suba,10.8438,121.0102,82.98,77,95,18.25,PH,1661534897
Seoul,37.5683,126.9778,72.84,88,75,6.91,KR,1661534887
Te Anau,-45.4167,167.7167,35.65,96,26,0.87,NZ,1661534898
Ambulu,-8.345,113.6058,74.79,86,92,5.28,ID,1661534899
Turan,16.0678,108.2208,82.38,83,20,2.3,VN,1661534815
Joshīmath,30.5667,79.5667,70.45,94,70,1.3,IN,1661534900
Castro Urdiales,43.3829,-3.2204,76.71,66,25,7.56,ES,1661534900
Poconé,-16.2567,-56.6228,101.05,15,26,3.8,BR,1661534901
Portland,45.5234,-122.6762,70.45,75,100,3.44,US,1661534432
Ambanja,-13.6833,48.45,69.31,75,3,0.36,MG,1661534902
Lata,40.1629,-8.3327,70.81,46,1,9.13,PT,1661534902
Nhulunbuy,-12.2333,136.7667,74.01,83,3,8.05,AU,1661534903
Conde,-7.2597,-34.9075,80.06,69,75,19.57,BR,1661534904
Lamu,-2.2717,40.902,73.62,79,8,14.94,KE,1661534905
Mrakovo,52.7161,56.6244,70.16,51,17,4.36,RU,1661534905
Diffa,13.3154,12.6113,86.22,57,84,6.06,NE,1661534907
Qasigiannguit,68.8193,-51.1922,43.05,97,100,7.14,GL,1661534907
Champerico,14.3,-91.9167,88.34,74,33,9.04,GT,1661534908
Marabu,4.4148,114.0089,77.14,100,40,5.75,MY,1661534909
Half Moon Bay,37.4636,-122.4286,75.81,77,100,9.22,US,1661534910
Ipixuna,-1.7625,-48.8043,89.87,49,35,4.38,BR,1661534911
Kudahuvadhoo,2.6708,72.8944,78.4,77,100,8.41,MV,1661534912
Tungor,53.3808,142.9564,51.96,96,65,8.63,RU,1661534912
Mujiayingzi,42.1167,118.7833,54.21,40,0,10.83,CN,1661534913
Tiarei,-17.5333,-149.3333,73.42,74,85,6.4,PF,1661534915
Bantogon,6.5333,124.0333,77.36,84,51,4.18,PH,1661534915
Qaqortoq,60.7167,-46.0333,46.13,92,100,2.62,GL,1661534916
Arawa,-6.2132,155.5367,75.74,93,34,3.29,PG,1661534916
Port Blair,11.6667,92.75,77.04,88,100,5.75,IN,1661534917
San Rafael,-34.6177,-68.3301,70.0,23,96,3.8,AR,1661534918
Moerai,-22.4333,-151.3333,70.72,77,100,30.82,PF,1661534919
Whitehorse,60.7161,-135.0538,54.1,67,40,1.99,CA,1661534919
Gizo Government Station,-8.103,156.8419,80.96,76,45,6.22,SB,1661534711
Ust-Kuyga,70.0167,135.6,47.37,74,85,2.71,RU,1661534920
Houston,29.7633,-95.3633,92.08,67,40,8.05,US,1661534281
Pochutla,15.7432,-96.4661,87.82,72,100,3.65,MX,1661534921
Bandarbeyla,9.4942,50.8122,75.78,81,3,31.34,SO,1661534720
Verkhnevilyuysk,63.4453,120.3167,50.94,98,100,8.68,RU,1661534922
Adrar,20.5022,-10.0711,100.2,26,41,2.59,MR,1661534923
Medvezh'yegorsk,62.9167,34.4667,62.29,74,1,3.58,RU,1661534923
Beloomut,54.9448,39.3394,74.68,35,68,3.65,RU,1661534924
Ormara,25.2088,64.6357,80.42,84,92,11.65,PK,1661534925
Lewisporte,49.2499,-55.0482,76.71,71,97,8.55,CA,1661534926
Perivólia,35.4833,23.9833,77.92,78,40,0.0,GR,1661534926
San Policarpo,12.1791,125.5072,78.21,87,100,2.86,PH,1661534927
Sorong,-0.8833,131.25,77.43,85,72,4.79,ID,1661534928
Christchurch,-43.5333,172.6333,46.9,87,4,4.61,NZ,1661534882
Berdigestyakh,62.0989,126.6992,41.29,96,17,4.94,RU,1661534928
Broome,42.2506,-75.833,80.98,61,20,13.8,US,1661534929
Maningrida,-12.0667,134.2667,65.82,75,2,7.92,AU,1661534930
Voinka,45.8699,33.9914,75.81,59,63,11.68,UA,1661534931
Hamilton,39.1834,-84.5333,85.14,64,75,5.75,US,1661534282
